{
  "version": 1,
  "author": "Uri Shaked",
  "editor": "wokwi",
  "parts": [
    { "type": "wokwi-esp32-devkit-v1", "id": "esp", "top": 0, "left": 0, "attrs": {} },
    { "type": "wokwi-dht22", "id": "dht1", "top": -15.53, "left": 145.5, "attrs": {} },
    { "type": "wokwi-led", "id": "led1", "top": -60, "left": -140.2, "attrs": { "color": "red" } }
  ],
  "connections": [
    [ "esp:TX0", "$serialMonitor:RX", "", [] ],
    [ "esp:RX0", "$serialMonitor:TX", "", [] ],
    [ "dht1:SDA", "esp:D15", "green", [ "v0" ] ],
    [ "dht1:VCC", "esp:3V3", "red", [ "v0" ] ],
    [ "dht1:GND", "esp:GND.1", "black", [ "v0" ] ],
    [ "esp:D2", "led1:A", "green", [ "h29.7", "v-143" ] ],
    [ "led1:C", "esp:GND.1", "green", [ "v12.73", "h244.2", "v154.67" ] ]
  ],
  "dependencies": {}
}